{
  "/_global-error/page": "/_global-error",
  "/_not-found/page": "/_not-found",
  "/contact/page": "/contact",
  "/discounts/page": "/discounts",
  "/faq/page": "/faq",
  "/fence-genius/page": "/fence-genius",
  "/fence-posts/3-5-posts/page": "/fence-posts/3-5-posts",
  "/fence-posts/4-125-posts/page": "/fence-posts/4-125-posts",
  "/fence-posts/6x6/page": "/fence-posts/6x6",
  "/fence-posts/steel-posts/page": "/fence-posts/steel-posts",
  "/fence-staining/page": "/fence-staining",
  "/fence-styles/page": "/fence-styles",
  "/fence-upgrades/exterior-screws/page": "/fence-upgrades/exterior-screws",
  "/fence-upgrades/lattice-toppers/page": "/fence-upgrades/lattice-toppers",
  "/fence-upgrades/post-on-pipe/page": "/fence-upgrades/post-on-pipe",
  "/fence-upgrades/rot-board/page": "/fence-upgrades/rot-board",
  "/fence-upgrades/soil-haul-away/page": "/fence-upgrades/soil-haul-away",
  "/fence-upgrades/trellis-systems/page": "/fence-upgrades/trellis-systems",
  "/financing/page": "/financing",
  "/gallery/page": "/gallery",
  "/neighborhoods/lower-tehaleh/page": "/neighborhoods/lower-tehaleh",
  "/page": "/",
  "/pre-staining-cedar-fence/page": "/pre-staining-cedar-fence",
  "/quote/page": "/quote",
  "/referrals/page": "/referrals",
  "/service-areas/[city]/page": "/service-areas/[city]",
  "/service-areas/bellevue/page": "/service-areas/bellevue",
  "/service-areas/bonney-lake/page": "/service-areas/bonney-lake",
  "/service-areas/covington/page": "/service-areas/covington",
  "/service-areas/enumclaw/page": "/service-areas/enumclaw",
  "/service-areas/federal-way/page": "/service-areas/federal-way",
  "/service-areas/gig-harbor/page": "/service-areas/gig-harbor",
  "/service-areas/issaquah/page": "/service-areas/issaquah",
  "/service-areas/kirkland/page": "/service-areas/kirkland",
  "/service-areas/lake-tapps/page": "/service-areas/lake-tapps",
  "/service-areas/maple-valley/page": "/service-areas/maple-valley",
  "/service-areas/mountlake-terrace/page": "/service-areas/mountlake-terrace",
  "/service-areas/north-bend/page": "/service-areas/north-bend",
  "/service-areas/page": "/service-areas",
  "/service-areas/redmond/page": "/service-areas/redmond",
  "/service-areas/renton/page": "/service-areas/renton",
  "/service-areas/sammamish/page": "/service-areas/sammamish",
  "/service-areas/seattle/page": "/service-areas/seattle",
  "/service-areas/sumner/page": "/service-areas/sumner",
  "/service-areas/tukwila/page": "/service-areas/tukwila"
}