{
  "/_global-error/page": "app/_global-error/page.js",
  "/_not-found/page": "app/_not-found/page.js",
  "/contact/page": "app/contact/page.js",
  "/discounts/page": "app/discounts/page.js",
  "/faq/page": "app/faq/page.js",
  "/fence-genius/page": "app/fence-genius/page.js",
  "/fence-posts/3-5-posts/page": "app/fence-posts/3-5-posts/page.js",
  "/fence-posts/4-125-posts/page": "app/fence-posts/4-125-posts/page.js",
  "/fence-posts/6x6/page": "app/fence-posts/6x6/page.js",
  "/fence-posts/steel-posts/page": "app/fence-posts/steel-posts/page.js",
  "/fence-staining/page": "app/fence-staining/page.js",
  "/fence-styles/page": "app/fence-styles/page.js",
  "/fence-upgrades/exterior-screws/page": "app/fence-upgrades/exterior-screws/page.js",
  "/fence-upgrades/lattice-toppers/page": "app/fence-upgrades/lattice-toppers/page.js",
  "/fence-upgrades/post-on-pipe/page": "app/fence-upgrades/post-on-pipe/page.js",
  "/fence-upgrades/rot-board/page": "app/fence-upgrades/rot-board/page.js",
  "/fence-upgrades/soil-haul-away/page": "app/fence-upgrades/soil-haul-away/page.js",
  "/fence-upgrades/trellis-systems/page": "app/fence-upgrades/trellis-systems/page.js",
  "/financing/page": "app/financing/page.js",
  "/gallery/page": "app/gallery/page.js",
  "/neighborhoods/lower-tehaleh/page": "app/neighborhoods/lower-tehaleh/page.js",
  "/page": "app/page.js",
  "/pre-staining-cedar-fence/page": "app/pre-staining-cedar-fence/page.js",
  "/quote/page": "app/quote/page.js",
  "/referrals/page": "app/referrals/page.js",
  "/service-areas/[city]/page": "app/service-areas/[city]/page.js",
  "/service-areas/bellevue/page": "app/service-areas/bellevue/page.js",
  "/service-areas/bonney-lake/page": "app/service-areas/bonney-lake/page.js",
  "/service-areas/covington/page": "app/service-areas/covington/page.js",
  "/service-areas/enumclaw/page": "app/service-areas/enumclaw/page.js",
  "/service-areas/federal-way/page": "app/service-areas/federal-way/page.js",
  "/service-areas/gig-harbor/page": "app/service-areas/gig-harbor/page.js",
  "/service-areas/issaquah/page": "app/service-areas/issaquah/page.js",
  "/service-areas/kirkland/page": "app/service-areas/kirkland/page.js",
  "/service-areas/lake-tapps/page": "app/service-areas/lake-tapps/page.js",
  "/service-areas/maple-valley/page": "app/service-areas/maple-valley/page.js",
  "/service-areas/mountlake-terrace/page": "app/service-areas/mountlake-terrace/page.js",
  "/service-areas/north-bend/page": "app/service-areas/north-bend/page.js",
  "/service-areas/page": "app/service-areas/page.js",
  "/service-areas/redmond/page": "app/service-areas/redmond/page.js",
  "/service-areas/renton/page": "app/service-areas/renton/page.js",
  "/service-areas/sammamish/page": "app/service-areas/sammamish/page.js",
  "/service-areas/seattle/page": "app/service-areas/seattle/page.js",
  "/service-areas/sumner/page": "app/service-areas/sumner/page.js",
  "/service-areas/tukwila/page": "app/service-areas/tukwila/page.js"
}