# Specific high-traffic URL redirects
/book-online-fence-seattle* /contact 301
/maple-valley-fence-contractor-98038* /service-areas/maple-valley 301
/maple-valley-home-fencing* /service-areas/maple-valley 301
/maple-valley-best-fence-company* /service-areas/maple-valley 301
/federal-way-fence-contractor-98023* /service-areas/federal-way 301
/seattle-fence-contractor-98115* /service-areas/seattle 301
/seattle-wood-fence-installation* /service-areas/seattle 301
/fence-projects-seattle-wa* /gallery 301
/pastfenceprojects-services-seattle-wa* /gallery 301
/seattle-local-fence-companies* /service-areas/seattle 301
/about-seattle-fence* /service-areas/seattle 301
/fence-gates-seattle-wa* /fence-styles 301
/bellevue-fence-company-near-me* /service-areas/bellevue 301
/bellevue-wood-fence-contractors* /service-areas/bellevue 301
/horizontal-fences-myfence* /fence-styles/horizontal-fence 301
/wood-fence-and-gate-styles-wa* /fence-styles 301
/wood-fence-wa* /fence-styles 301
/wood-fence-installation* /fence-styles 301
/myfence-review* /contact 301
/redmond-wood-fence-contractors* /service-areas/redmond 301
/kirkland-wood-fence-company-near-me* /service-areas/kirkland 301
/sammamish-fence-contractor /service-areas/sammamish 301
/enumclaw-wood-fence-contractors* /service-areas/enumclaw 301
/covington-fence-contractor-98042* /service-areas/covington 301
/fence-covington-wa-98042* /service-areas/covington 301
/issaquah-fence-contractor-98027* /service-areas/issaquah 301
/lake-tapps-fence-contractor-98391* /service-areas/lake-tapps 301
/gig-harbor-best-fence-company* /service-areas/gig-harbor 301
/fencebuildprocess* /quote 301
/custom-software* /quote 301
/fencestructure* / 301

# City-specific redirects - Seattle
/fence-installation-seattle* /service-areas/seattle 301
/fence-repair-seattle* /service-areas/seattle 301
/fence-company-seattle* /service-areas/seattle 301
/seattle-fence* /service-areas/seattle 301
/*seattle-fence* /service-areas/seattle 301
/*seattle* /service-areas/seattle 301

# City-specific redirects - Bellevue
/fence-installation-bellevue* /service-areas/bellevue 301
/fence-repair-bellevue* /service-areas/bellevue 301
/fence-company-bellevue* /service-areas/bellevue 301
/bellevue-fence* /service-areas/bellevue 301
/*bellevue-fence* /service-areas/bellevue 301
/*bellevue* /service-areas/bellevue 301

# City-specific redirects - Kirkland
/kirkland /service-areas/kirkland 301
/fence-installation-kirkland* /service-areas/kirkland 301
/fence-repair-kirkland* /service-areas/kirkland 301
/fence-company-kirkland* /service-areas/kirkland 301
/kirkland-fence* /service-areas/kirkland 301
/*kirkland-fence* /service-areas/kirkland 301
/*kirkland* /service-areas/kirkland 301

# City-specific redirects - Redmond
/redmond /service-areas/redmond 301
/fence-installation-redmond* /service-areas/redmond 301
/fence-repair-redmond* /service-areas/redmond 301
/fence-company-redmond* /service-areas/redmond 301
/redmond-fence* /service-areas/redmond 301
/*redmond-fence* /service-areas/redmond 301
/*redmond* /service-areas/redmond 301

# City-specific redirects - Renton
/fence-installation-renton* /service-areas/renton 301
/fence-repair-renton* /service-areas/renton 301
/fence-company-renton* /service-areas/renton 301
/renton-fence* /service-areas/renton 301
/*renton-fence* /service-areas/renton 301
/*renton* /service-areas/renton 301

# City-specific redirects - Sammamish
/fence-installation-sammamish* /service-areas/sammamish 301
/fence-repair-sammamish* /service-areas/sammamish 301
/fence-company-sammamish* /service-areas/sammamish 301
/sammamish-fence* /service-areas/sammamish 301
/*sammamish-fence* /service-areas/sammamish 301
/*sammamish* /service-areas/sammamish 301

# City-specific redirects - Maple Valley
/fence-installation-maple-valley* /service-areas/maple-valley 301
/fence-repair-maple-valley* /service-areas/maple-valley 301
/fence-company-maple-valley* /service-areas/maple-valley 301
/maple-valley-fence* /service-areas/maple-valley 301
/*maple-valley-fence* /service-areas/maple-valley 301

# City-specific redirects - Federal Way
/fence-installation-federal-way* /service-areas/federal-way 301
/fence-repair-federal-way* /service-areas/federal-way 301
/fence-company-federal-way* /service-areas/federal-way 301
/federal-way-fence* /service-areas/federal-way 301
/*federal-way-fence* /service-areas/federal-way 301
/*federal-way* /service-areas/federal-way 301

# City-specific redirects - Mountlake Terrace
/fence-installation-mountlake-terrace* /service-areas/mountlake-terrace 301
/fence-repair-mountlake-terrace* /service-areas/mountlake-terrace 301
/fence-company-mountlake-terrace* /service-areas/mountlake-terrace 301
/mountlake-terrace-fence* /service-areas/mountlake-terrace 301
/*mountlake-terrace-fence* /service-areas/mountlake-terrace 301
/*mountlake-terrace* /service-areas/mountlake-terrace 301

# City-specific redirects - Covington
/fence-installation-covington* /service-areas/covington 301
/fence-repair-covington* /service-areas/covington 301
/fence-company-covington* /service-areas/covington 301
/covington-fence* /service-areas/covington 301
/*covington-fence* /service-areas/covington 301
/*covington* /service-areas/covington 301

# City-specific redirects - Issaquah
/fence-installation-issaquah* /service-areas/issaquah 301
/fence-repair-issaquah* /service-areas/issaquah 301
/fence-company-issaquah* /service-areas/issaquah 301
/issaquah-fence* /service-areas/issaquah 301
/*issaquah-fence* /service-areas/issaquah 301
/*issaquah* /service-areas/issaquah 301

# City-specific redirects - Lake Tapps
/fence-installation-lake-tapps* /service-areas/lake-tapps 301
/fence-repair-lake-tapps* /service-areas/lake-tapps 301
/fence-company-lake-tapps* /service-areas/lake-tapps 301
/lake-tapps-fence* /service-areas/lake-tapps 301
/*lake-tapps-fence* /service-areas/lake-tapps 301

# City-specific redirects - Gig Harbor
/fence-installation-gig-harbor* /service-areas/gig-harbor 301
/fence-repair-gig-harbor* /service-areas/gig-harbor 301
/fence-company-gig-harbor* /service-areas/gig-harbor 301
/gig-harbor-fence* /service-areas/gig-harbor 301
/*gig-harbor-fence* /service-areas/gig-harbor 301
/*gig-harbor* /service-areas/gig-harbor 301

# City-specific redirects - Enumclaw
/fence-installation-enumclaw* /service-areas/enumclaw 301
/fence-repair-enumclaw* /service-areas/enumclaw 301
/fence-company-enumclaw* /service-areas/enumclaw 301
/enumclaw-fence* /service-areas/enumclaw 301
/*enumclaw-fence* /service-areas/enumclaw 301
/*enumclaw* /service-areas/enumclaw 301

# General page redirects
/about-us* /contact 301
/book-online* /contact 301
